"","Leto","Drzava","Prevozno_sredstvo","Stevilo"
"1",2007,"Austria","Avtobus",4
"2",2007,"Belgium","Avtobus",4
"3",2007,"Bulgaria","Avtobus",NA
"4",2007,"Croatia","Avtobus",6
"5",2007,"Czechia","Avtobus",2
"6",2007,"Denmark","Avtobus",3
"7",2007,"Estonia","Avtobus",0
"8",2007,"Finland","Avtobus",0
"9",2007,"France","Avtobus",35
"10",2007,"Germany (until 1990 former territory of the FRG)","Avtobus",24
"11",2007,"Greece","Avtobus",0
"12",2007,"Hungary","Avtobus",14
"13",2007,"Ireland","Avtobus",1
"14",2007,"Italy","Avtobus",18
"15",2007,"Latvia","Avtobus",3
"16",2007,"Lithuania","Avtobus",NA
"17",2007,"Luxembourg","Avtobus",0
"18",2007,"Netherlands","Avtobus",1
"19",2007,"Norway","Avtobus",3
"20",2007,"Poland","Avtobus",17
"21",2007,"Portugal","Avtobus",15
"22",2007,"Romania","Avtobus",26
"23",2007,"Slovakia","Avtobus",8
"24",2007,"Slovenia","Avtobus",0
"25",2007,"Spain","Avtobus",13
"26",2007,"Sweden","Avtobus",6
"27",2007,"Switzerland","Avtobus",0
"28",2007,"United Kingdom","Avtobus",14
"29",2008,"Austria","Avtobus",2
"30",2008,"Belgium","Avtobus",2
"31",2008,"Bulgaria","Avtobus",5
"32",2008,"Croatia","Avtobus",17
"33",2008,"Czechia","Avtobus",0
"34",2008,"Denmark","Avtobus",0
"35",2008,"Estonia","Avtobus",0
"36",2008,"Finland","Avtobus",0
"37",2008,"France","Avtobus",20
"38",2008,"Germany (until 1990 former territory of the FRG)","Avtobus",10
"39",2008,"Greece","Avtobus",4
"40",2008,"Hungary","Avtobus",3
"41",2008,"Ireland","Avtobus",0
"42",2008,"Italy","Avtobus",11
"43",2008,"Latvia","Avtobus",1
"44",2008,"Lithuania","Avtobus",NA
"45",2008,"Luxembourg","Avtobus",0
"46",2008,"Netherlands","Avtobus",3
"47",2008,"Norway","Avtobus",0
"48",2008,"Poland","Avtobus",11
"49",2008,"Portugal","Avtobus",1
"50",2008,"Romania","Avtobus",6
"51",2008,"Slovakia","Avtobus",4
"52",2008,"Slovenia","Avtobus",0
"53",2008,"Spain","Avtobus",26
"54",2008,"Sweden","Avtobus",1
"55",2008,"Switzerland","Avtobus",3
"56",2008,"United Kingdom","Avtobus",14
"57",2009,"Austria","Avtobus",2
"58",2009,"Belgium","Avtobus",1
"59",2009,"Bulgaria","Avtobus",5
"60",2009,"Croatia","Avtobus",0
"61",2009,"Czechia","Avtobus",3
"62",2009,"Denmark","Avtobus",0
"63",2009,"Estonia","Avtobus",2
"64",2009,"Finland","Avtobus",1
"65",2009,"France","Avtobus",5
"66",2009,"Germany (until 1990 former territory of the FRG)","Avtobus",11
"67",2009,"Greece","Avtobus",0
"68",2009,"Hungary","Avtobus",3
"69",2009,"Ireland","Avtobus",1
"70",2009,"Italy","Avtobus",2
"71",2009,"Latvia","Avtobus",1
"72",2009,"Lithuania","Avtobus",NA
"73",2009,"Luxembourg","Avtobus",0
"74",2009,"Netherlands","Avtobus",0
"75",2009,"Norway","Avtobus",1
"76",2009,"Poland","Avtobus",19
"77",2009,"Portugal","Avtobus",5
"78",2009,"Romania","Avtobus",36
"79",2009,"Slovakia","Avtobus",12
"80",2009,"Slovenia","Avtobus",1
"81",2009,"Spain","Avtobus",18
"82",2009,"Sweden","Avtobus",0
"83",2009,"Switzerland","Avtobus",0
"84",2009,"United Kingdom","Avtobus",16
"85",2010,"Austria","Avtobus",8
"86",2010,"Belgium","Avtobus",1
"87",2010,"Bulgaria","Avtobus",3
"88",2010,"Croatia","Avtobus",0
"89",2010,"Czechia","Avtobus",1
"90",2010,"Denmark","Avtobus",0
"91",2010,"Estonia","Avtobus",4
"92",2010,"Finland","Avtobus",0
"93",2010,"France","Avtobus",4
"94",2010,"Germany (until 1990 former territory of the FRG)","Avtobus",32
"95",2010,"Greece","Avtobus",2
"96",2010,"Hungary","Avtobus",12
"97",2010,"Ireland","Avtobus",1
"98",2010,"Italy","Avtobus",7
"99",2010,"Latvia","Avtobus",3
"100",2010,"Lithuania","Avtobus",NA
"101",2010,"Luxembourg","Avtobus",0
"102",2010,"Netherlands","Avtobus",1
"103",2010,"Norway","Avtobus",1
"104",2010,"Poland","Avtobus",14
"105",2010,"Portugal","Avtobus",NA
"106",2010,"Romania","Avtobus",10
"107",2010,"Slovakia","Avtobus",0
"108",2010,"Slovenia","Avtobus",0
"109",2010,"Spain","Avtobus",3
"110",2010,"Sweden","Avtobus",2
"111",2010,"Switzerland","Avtobus",2
"112",2010,"United Kingdom","Avtobus",NA
"113",2011,"Austria","Avtobus",0
"114",2011,"Belgium","Avtobus",2
"115",2011,"Bulgaria","Avtobus",11
"116",2011,"Croatia","Avtobus",0
"117",2011,"Czechia","Avtobus",4
"118",2011,"Denmark","Avtobus",NA
"119",2011,"Estonia","Avtobus",1
"120",2011,"Finland","Avtobus",2
"121",2011,"France","Avtobus",0
"122",2011,"Germany (until 1990 former territory of the FRG)","Avtobus",10
"123",2011,"Greece","Avtobus",4
"124",2011,"Hungary","Avtobus",30
"125",2011,"Ireland","Avtobus",0
"126",2011,"Italy","Avtobus",2
"127",2011,"Latvia","Avtobus",1
"128",2011,"Lithuania","Avtobus",NA
"129",2011,"Luxembourg","Avtobus",0
"130",2011,"Netherlands","Avtobus",0
"131",2011,"Norway","Avtobus",0
"132",2011,"Poland","Avtobus",12
"133",2011,"Portugal","Avtobus",NA
"134",2011,"Romania","Avtobus",9
"135",2011,"Slovakia","Avtobus",NA
"136",2011,"Slovenia","Avtobus",NA
"137",2011,"Spain","Avtobus",3
"138",2011,"Sweden","Avtobus",2
"139",2011,"Switzerland","Avtobus",2
"140",2011,"United Kingdom","Avtobus",NA
"141",2012,"Austria","Avtobus",2
"142",2012,"Belgium","Avtobus",9
"143",2012,"Bulgaria","Avtobus",2
"144",2012,"Croatia","Avtobus",8
"145",2012,"Czechia","Avtobus",2
"146",2012,"Denmark","Avtobus",NA
"147",2012,"Estonia","Avtobus",2
"148",2012,"Finland","Avtobus",NA
"149",2012,"France","Avtobus",7
"150",2012,"Germany (until 1990 former territory of the FRG)","Avtobus",2
"151",2012,"Greece","Avtobus",8
"152",2012,"Hungary","Avtobus",3
"153",2012,"Ireland","Avtobus",1
"154",2012,"Italy","Avtobus",0
"155",2012,"Latvia","Avtobus",NA
"156",2012,"Lithuania","Avtobus",NA
"157",2012,"Luxembourg","Avtobus",0
"158",2012,"Netherlands","Avtobus",1
"159",2012,"Norway","Avtobus",0
"160",2012,"Poland","Avtobus",18
"161",2012,"Portugal","Avtobus",NA
"162",2012,"Romania","Avtobus",10
"163",2012,"Slovakia","Avtobus",NA
"164",2012,"Slovenia","Avtobus",NA
"165",2012,"Spain","Avtobus",3
"166",2012,"Sweden","Avtobus",2
"167",2012,"Switzerland","Avtobus",31
"168",2012,"United Kingdom","Avtobus",NA
"169",2013,"Austria","Avtobus",0
"170",2013,"Belgium","Avtobus",5
"171",2013,"Bulgaria","Avtobus",1
"172",2013,"Croatia","Avtobus",1
"173",2013,"Czechia","Avtobus",2
"174",2013,"Denmark","Avtobus",NA
"175",2013,"Estonia","Avtobus",2
"176",2013,"Finland","Avtobus",NA
"177",2013,"France","Avtobus",7
"178",2013,"Germany (until 1990 former territory of the FRG)","Avtobus",9
"179",2013,"Greece","Avtobus",2
"180",2013,"Hungary","Avtobus",6
"181",2013,"Ireland","Avtobus",0
"182",2013,"Italy","Avtobus",1
"183",2013,"Latvia","Avtobus",NA
"184",2013,"Lithuania","Avtobus",0
"185",2013,"Luxembourg","Avtobus",0
"186",2013,"Netherlands","Avtobus",0
"187",2013,"Norway","Avtobus",3
"188",2013,"Poland","Avtobus",18
"189",2013,"Portugal","Avtobus",NA
"190",2013,"Romania","Avtobus",8
"191",2013,"Slovakia","Avtobus",NA
"192",2013,"Slovenia","Avtobus",0
"193",2013,"Spain","Avtobus",11
"194",2013,"Sweden","Avtobus",1
"195",2013,"Switzerland","Avtobus",0
"196",2013,"United Kingdom","Avtobus",NA
"197",2014,"Austria","Avtobus",1
"198",2014,"Belgium","Avtobus",4
"199",2014,"Bulgaria","Avtobus",4
"200",2014,"Croatia","Avtobus",0
"201",2014,"Czechia","Avtobus",3
"202",2014,"Denmark","Avtobus",NA
"203",2014,"Estonia","Avtobus",8
"204",2014,"Finland","Avtobus",NA
"205",2014,"France","Avtobus",9
"206",2014,"Germany (until 1990 former territory of the FRG)","Avtobus",5
"207",2014,"Greece","Avtobus",2
"208",2014,"Hungary","Avtobus",1
"209",2014,"Ireland","Avtobus",0
"210",2014,"Italy","Avtobus",1
"211",2014,"Latvia","Avtobus",0
"212",2014,"Lithuania","Avtobus",0
"213",2014,"Luxembourg","Avtobus",0
"214",2014,"Netherlands","Avtobus",1
"215",2014,"Norway","Avtobus",3
"216",2014,"Poland","Avtobus",12
"217",2014,"Portugal","Avtobus",NA
"218",2014,"Romania","Avtobus",9
"219",2014,"Slovakia","Avtobus",NA
"220",2014,"Slovenia","Avtobus",NA
"221",2014,"Spain","Avtobus",26
"222",2014,"Sweden","Avtobus",2
"223",2014,"Switzerland","Avtobus",0
"224",2014,"United Kingdom","Avtobus",NA
"225",2015,"Austria","Avtobus",0
"226",2015,"Belgium","Avtobus",4
"227",2015,"Bulgaria","Avtobus",3
"228",2015,"Croatia","Avtobus",1
"229",2015,"Czechia","Avtobus",1
"230",2015,"Denmark","Avtobus",NA
"231",2015,"Estonia","Avtobus",1
"232",2015,"Finland","Avtobus",NA
"233",2015,"France","Avtobus",1
"234",2015,"Germany (until 1990 former territory of the FRG)","Avtobus",4
"235",2015,"Greece","Avtobus",3
"236",2015,"Hungary","Avtobus",1
"237",2015,"Ireland","Avtobus",NA
"238",2015,"Italy","Avtobus",3
"239",2015,"Latvia","Avtobus",0
"240",2015,"Lithuania","Avtobus",1
"241",2015,"Luxembourg","Avtobus",0
"242",2015,"Netherlands","Avtobus",1
"243",2015,"Norway","Avtobus",1
"244",2015,"Poland","Avtobus",14
"245",2015,"Portugal","Avtobus",NA
"246",2015,"Romania","Avtobus",18
"247",2015,"Slovakia","Avtobus",NA
"248",2015,"Slovenia","Avtobus",NA
"249",2015,"Spain","Avtobus",2
"250",2015,"Sweden","Avtobus",0
"251",2015,"Switzerland","Avtobus",0
"252",2015,"United Kingdom","Avtobus",NA
"253",2016,"Austria","Avtobus",1
"254",2016,"Belgium","Avtobus",0
"255",2016,"Bulgaria","Avtobus",NA
"256",2016,"Croatia","Avtobus",NA
"257",2016,"Czechia","Avtobus",0
"258",2016,"Denmark","Avtobus",NA
"259",2016,"Estonia","Avtobus",NA
"260",2016,"Finland","Avtobus",NA
"261",2016,"France","Avtobus",8
"262",2016,"Germany (until 1990 former territory of the FRG)","Avtobus",3
"263",2016,"Greece","Avtobus",0
"264",2016,"Hungary","Avtobus",10
"265",2016,"Ireland","Avtobus",NA
"266",2016,"Italy","Avtobus",0
"267",2016,"Latvia","Avtobus",0
"268",2016,"Lithuania","Avtobus",NA
"269",2016,"Luxembourg","Avtobus",0
"270",2016,"Netherlands","Avtobus",0
"271",2016,"Norway","Avtobus",1
"272",2016,"Poland","Avtobus",8
"273",2016,"Portugal","Avtobus",NA
"274",2016,"Romania","Avtobus",23
"275",2016,"Slovakia","Avtobus",NA
"276",2016,"Slovenia","Avtobus",NA
"277",2016,"Spain","Avtobus",21
"278",2016,"Sweden","Avtobus",1
"279",2016,"Switzerland","Avtobus",1
"280",2016,"United Kingdom","Avtobus",NA
"281",2007,"Austria","Avto",378
"282",2007,"Belgium","Avto",550
"283",2007,"Bulgaria","Avto",NA
"284",2007,"Croatia","Avto",309
"285",2007,"Czechia","Avto",661
"286",2007,"Denmark","Avto",168
"287",2007,"Estonia","Avto",122
"288",2007,"Finland","Avto",241
"289",2007,"France","Avto",NA
"290",2007,"Germany (until 1990 former territory of the FRG)","Avto",NA
"291",2007,"Greece","Avto",771
"292",2007,"Hungary","Avto",555
"293",2007,"Ireland","Avto",171
"294",2007,"Italy","Avto",NA
"295",2007,"Latvia","Avto",203
"296",2007,"Lithuania","Avto",NA
"297",2007,"Luxembourg","Avto",27
"298",2007,"Netherlands","Avto",299
"299",2007,"Norway","Avto",138
"300",2007,"Poland","Avto",NA
"301",2007,"Portugal","Avto",415
"302",2007,"Romania","Avto",NA
"303",2007,"Slovakia","Avto",293
"304",2007,"Slovenia","Avto",126
"305",2007,"Spain","Avto",NA
"306",2007,"Sweden","Avto",279
"307",2007,"Switzerland","Avto",162
"308",2007,"United Kingdom","Avto",NA
"309",2008,"Austria","Avto",367
"310",2008,"Belgium","Avto",479
"311",2008,"Bulgaria","Avto",623
"312",2008,"Croatia","Avto",303
"313",2008,"Czechia","Avto",573
"314",2008,"Denmark","Avto",196
"315",2008,"Estonia","Avto",69
"316",2008,"Finland","Avto",202
"317",2008,"France","Avto",NA
"318",2008,"Germany (until 1990 former territory of the FRG)","Avto",NA
"319",2008,"Greece","Avto",708
"320",2008,"Hungary","Avto",448
"321",2008,"Ireland","Avto",160
"322",2008,"Italy","Avto",NA
"323",2008,"Latvia","Avto",167
"324",2008,"Lithuania","Avto",NA
"325",2008,"Luxembourg","Avto",20
"326",2008,"Netherlands","Avto",299
"327",2008,"Norway","Avto",151
"328",2008,"Poland","Avto",NA
"329",2008,"Portugal","Avto",355
"330",2008,"Romania","Avto",NA
"331",2008,"Slovakia","Avto",292
"332",2008,"Slovenia","Avto",82
"333",2008,"Spain","Avto",NA
"334",2008,"Sweden","Avto",234
"335",2008,"Switzerland","Avto",156
"336",2008,"United Kingdom","Avto",NA
"337",2009,"Austria","Avto",325
"338",2009,"Belgium","Avto",464
"339",2009,"Bulgaria","Avto",570
"340",2009,"Croatia","Avto",284
"341",2009,"Czechia","Avto",497
"342",2009,"Denmark","Avto",164
"343",2009,"Estonia","Avto",54
"344",2009,"Finland","Avto",165
"345",2009,"France","Avto",NA
"346",2009,"Germany (until 1990 former territory of the FRG)","Avto",NA
"347",2009,"Greece","Avto",680
"348",2009,"Hungary","Avto",386
"349",2009,"Ireland","Avto",146
"350",2009,"Italy","Avto",NA
"351",2009,"Latvia","Avto",116
"352",2009,"Lithuania","Avto",NA
"353",2009,"Luxembourg","Avto",26
"354",2009,"Netherlands","Avto",288
"355",2009,"Norway","Avto",127
"356",2009,"Poland","Avto",NA
"357",2009,"Portugal","Avto",298
"358",2009,"Romania","Avto",NA
"359",2009,"Slovakia","Avto",182
"360",2009,"Slovenia","Avto",59
"361",2009,"Spain","Avto",NA
"362",2009,"Sweden","Avto",219
"363",2009,"Switzerland","Avto",136
"364",2009,"United Kingdom","Avto",NA
"365",2010,"Austria","Avto",291
"366",2010,"Belgium","Avto",443
"367",2010,"Bulgaria","Avto",478
"368",2010,"Croatia","Avto",205
"369",2010,"Czechia","Avto",403
"370",2010,"Denmark","Avto",135
"371",2010,"Estonia","Avto",44
"372",2010,"Finland","Avto",159
"373",2010,"France","Avto",NA
"374",2010,"Germany (until 1990 former territory of the FRG)","Avto",NA
"375",2010,"Greece","Avto",545
"376",2010,"Hungary","Avto",330
"377",2010,"Ireland","Avto",129
"378",2010,"Italy","Avto",NA
"379",2010,"Latvia","Avto",91
"380",2010,"Lithuania","Avto",NA
"381",2010,"Luxembourg","Avto",27
"382",2010,"Netherlands","Avto",219
"383",2010,"Norway","Avto",127
"384",2010,"Poland","Avto",NA
"385",2010,"Portugal","Avto",367
"386",2010,"Romania","Avto",973
"387",2010,"Slovakia","Avto",171
"388",2010,"Slovenia","Avto",44
"389",2010,"Spain","Avto",NA
"390",2010,"Sweden","Avto",151
"391",2010,"Switzerland","Avto",129
"392",2010,"United Kingdom","Avto",859
"393",2011,"Austria","Avto",289
"394",2011,"Belgium","Avto",457
"395",2011,"Bulgaria","Avto",398
"396",2011,"Croatia","Avto",215
"397",2011,"Czechia","Avto",404
"398",2011,"Denmark","Avto",106
"399",2011,"Estonia","Avto",56
"400",2011,"Finland","Avto",172
"401",2011,"France","Avto",NA
"402",2011,"Germany (until 1990 former territory of the FRG)","Avto",NA
"403",2011,"Greece","Avto",474
"404",2011,"Hungary","Avto",268
"405",2011,"Ireland","Avto",95
"406",2011,"Italy","Avto",NA
"407",2011,"Latvia","Avto",78
"408",2011,"Lithuania","Avto",NA
"409",2011,"Luxembourg","Avto",21
"410",2011,"Netherlands","Avto",209
"411",2011,"Norway","Avto",102
"412",2011,"Poland","Avto",NA
"413",2011,"Portugal","Avto",331
"414",2011,"Romania","Avto",780
"415",2011,"Slovakia","Avto",NA
"416",2011,"Slovenia","Avto",46
"417",2011,"Spain","Avto",973
"418",2011,"Sweden","Avto",159
"419",2011,"Switzerland","Avto",119
"420",2011,"United Kingdom","Avto",911
"421",2012,"Austria","Avto",282
"422",2012,"Belgium","Avto",383
"423",2012,"Bulgaria","Avto",335
"424",2012,"Croatia","Avto",186
"425",2012,"Czechia","Avto",368
"426",2012,"Denmark","Avto",81
"427",2012,"Estonia","Avto",42
"428",2012,"Finland","Avto",147
"429",2012,"France","Avto",NA
"430",2012,"Germany (until 1990 former territory of the FRG)","Avto",NA
"431",2012,"Greece","Avto",383
"432",2012,"Hungary","Avto",253
"433",2012,"Ireland","Avto",89
"434",2012,"Italy","Avto",NA
"435",2012,"Latvia","Avto",72
"436",2012,"Lithuania","Avto",NA
"437",2012,"Luxembourg","Avto",22
"438",2012,"Netherlands","Avto",218
"439",2012,"Norway","Avto",73
"440",2012,"Poland","Avto",NA
"441",2012,"Portugal","Avto",255
"442",2012,"Romania","Avto",798
"443",2012,"Slovakia","Avto",NA
"444",2012,"Slovenia","Avto",53
"445",2012,"Spain","Avto",868
"446",2012,"Sweden","Avto",142
"447",2012,"Switzerland","Avto",104
"448",2012,"United Kingdom","Avto",829
"449",2013,"Austria","Avto",194
"450",2013,"Belgium","Avto",340
"451",2013,"Bulgaria","Avto",367
"452",2013,"Croatia","Avto",195
"453",2013,"Czechia","Avto",308
"454",2013,"Denmark","Avto",79
"455",2013,"Estonia","Avto",41
"456",2013,"Finland","Avto",152
"457",2013,"France","Avto",NA
"458",2013,"Germany (until 1990 former territory of the FRG)","Avto",NA
"459",2013,"Greece","Avto",347
"460",2013,"Hungary","Avto",254
"461",2013,"Ireland","Avto",107
"462",2013,"Italy","Avto",NA
"463",2013,"Latvia","Avto",71
"464",2013,"Lithuania","Avto",108
"465",2013,"Luxembourg","Avto",30
"466",2013,"Netherlands","Avto",180
"467",2013,"Norway","Avto",105
"468",2013,"Poland","Avto",NA
"469",2013,"Portugal","Avto",214
"470",2013,"Romania","Avto",721
"471",2013,"Slovakia","Avto",NA
"472",2013,"Slovenia","Avto",40
"473",2013,"Spain","Avto",712
"474",2013,"Sweden","Avto",144
"475",2013,"Switzerland","Avto",103
"476",2013,"United Kingdom","Avto",815
"477",2014,"Austria","Avto",191
"478",2014,"Belgium","Avto",379
"479",2014,"Bulgaria","Avto",379
"480",2014,"Croatia","Avto",141
"481",2014,"Czechia","Avto",347
"482",2014,"Denmark","Avto",89
"483",2014,"Estonia","Avto",33
"484",2014,"Finland","Avto",121
"485",2014,"France","Avto",NA
"486",2014,"Germany (until 1990 former territory of the FRG)","Avto",NA
"487",2014,"Greece","Avto",289
"488",2014,"Hungary","Avto",256
"489",2014,"Ireland","Avto",103
"490",2014,"Italy","Avto",NA
"491",2014,"Latvia","Avto",91
"492",2014,"Lithuania","Avto",118
"493",2014,"Luxembourg","Avto",24
"494",2014,"Netherlands","Avto",171
"495",2014,"Norway","Avto",72
"496",2014,"Poland","Avto",NA
"497",2014,"Portugal","Avto",223
"498",2014,"Romania","Avto",724
"499",2014,"Slovakia","Avto",NA
"500",2014,"Slovenia","Avto",41
"501",2014,"Spain","Avto",719
"502",2014,"Sweden","Avto",122
"503",2014,"Switzerland","Avto",97
"504",2014,"United Kingdom","Avto",835
"505",2015,"Austria","Avto",241
"506",2015,"Belgium","Avto",361
"507",2015,"Bulgaria","Avto",396
"508",2015,"Croatia","Avto",164
"509",2015,"Czechia","Avto",365
"510",2015,"Denmark","Avto",74
"511",2015,"Estonia","Avto",35
"512",2015,"Finland","Avto",156
"513",2015,"France","Avto",NA
"514",2015,"Germany (until 1990 former territory of the FRG)","Avto",NA
"515",2015,"Greece","Avto",314
"516",2015,"Hungary","Avto",304
"517",2015,"Ireland","Avto",NA
"518",2015,"Italy","Avto",NA
"519",2015,"Latvia","Avto",85
"520",2015,"Lithuania","Avto",115
"521",2015,"Luxembourg","Avto",16
"522",2015,"Netherlands","Avto",214
"523",2015,"Norway","Avto",67
"524",2015,"Poland","Avto",NA
"525",2015,"Portugal","Avto",214
"526",2015,"Romania","Avto",787
"527",2015,"Slovakia","Avto",NA
"528",2015,"Slovenia","Avto",38
"529",2015,"Spain","Avto",693
"530",2015,"Sweden","Avto",144
"531",2015,"Switzerland","Avto",75
"532",2015,"United Kingdom","Avto",798
"533",2016,"Austria","Avto",191
"534",2016,"Belgium","Avto",327
"535",2016,"Bulgaria","Avto",NA
"536",2016,"Croatia","Avto",148
"537",2016,"Czechia","Avto",328
"538",2016,"Denmark","Avto",96
"539",2016,"Estonia","Avto",NA
"540",2016,"Finland","Avto",NA
"541",2016,"France","Avto",NA
"542",2016,"Germany (until 1990 former territory of the FRG)","Avto",NA
"543",2016,"Greece","Avto",340
"544",2016,"Hungary","Avto",269
"545",2016,"Ireland","Avto",NA
"546",2016,"Italy","Avto",NA
"547",2016,"Latvia","Avto",71
"548",2016,"Lithuania","Avto",NA
"549",2016,"Luxembourg","Avto",19
"550",2016,"Netherlands","Avto",225
"551",2016,"Norway","Avto",67
"552",2016,"Poland","Avto",NA
"553",2016,"Portugal","Avto",225
"554",2016,"Romania","Avto",785
"555",2016,"Slovakia","Avto",NA
"556",2016,"Slovenia","Avto",45
"557",2016,"Spain","Avto",754
"558",2016,"Sweden","Avto",138
"559",2016,"Switzerland","Avto",75
"560",2016,"United Kingdom","Avto",853
"561",2007,"Austria","Vlak",52
"562",2007,"Belgium","Vlak",38
"563",2007,"Bulgaria","Vlak",27
"564",2007,"Croatia","Vlak",NA
"565",2007,"Czechia","Vlak",25
"566",2007,"Denmark","Vlak",8
"567",2007,"Estonia","Vlak",14
"568",2007,"Finland","Vlak",18
"569",2007,"France","Vlak",82
"570",2007,"Germany (until 1990 former territory of the FRG)","Vlak",180
"571",2007,"Greece","Vlak",18
"572",2007,"Hungary","Vlak",80
"573",2007,"Ireland","Vlak",2
"574",2007,"Italy","Vlak",68
"575",2007,"Latvia","Vlak",28
"576",2007,"Lithuania","Vlak",36
"577",2007,"Luxembourg","Vlak",NA
"578",2007,"Netherlands","Vlak",20
"579",2007,"Norway","Vlak",1
"580",2007,"Poland","Vlak",357
"581",2007,"Portugal","Vlak",58
"582",2007,"Romania","Vlak",186
"583",2007,"Slovakia","Vlak",57
"584",2007,"Slovenia","Vlak",17
"585",2007,"Spain","Vlak",65
"586",2007,"Sweden","Vlak",23
"587",2007,"Switzerland","Vlak",NA
"588",2007,"United Kingdom","Vlak",58
"589",2008,"Austria","Vlak",39
"590",2008,"Belgium","Vlak",21
"591",2008,"Bulgaria","Vlak",44
"592",2008,"Croatia","Vlak",NA
"593",2008,"Czechia","Vlak",44
"594",2008,"Denmark","Vlak",11
"595",2008,"Estonia","Vlak",8
"596",2008,"Finland","Vlak",21
"597",2008,"France","Vlak",94
"598",2008,"Germany (until 1990 former territory of the FRG)","Vlak",164
"599",2008,"Greece","Vlak",17
"600",2008,"Hungary","Vlak",115
"601",2008,"Ireland","Vlak",3
"602",2008,"Italy","Vlak",64
"603",2008,"Latvia","Vlak",29
"604",2008,"Lithuania","Vlak",40
"605",2008,"Luxembourg","Vlak",NA
"606",2008,"Netherlands","Vlak",20
"607",2008,"Norway","Vlak",1
"608",2008,"Poland","Vlak",308
"609",2008,"Portugal","Vlak",42
"610",2008,"Romania","Vlak",208
"611",2008,"Slovakia","Vlak",56
"612",2008,"Slovenia","Vlak",13
"613",2008,"Spain","Vlak",46
"614",2008,"Sweden","Vlak",13
"615",2008,"Switzerland","Vlak",NA
"616",2008,"United Kingdom","Vlak",58
"617",2009,"Austria","Vlak",34
"618",2009,"Belgium","Vlak",16
"619",2009,"Bulgaria","Vlak",28
"620",2009,"Croatia","Vlak",NA
"621",2009,"Czechia","Vlak",26
"622",2009,"Denmark","Vlak",14
"623",2009,"Estonia","Vlak",10
"624",2009,"Finland","Vlak",14
"625",2009,"France","Vlak",76
"626",2009,"Germany (until 1990 former territory of the FRG)","Vlak",170
"627",2009,"Greece","Vlak",22
"628",2009,"Hungary","Vlak",92
"629",2009,"Ireland","Vlak",1
"630",2009,"Italy","Vlak",80
"631",2009,"Latvia","Vlak",17
"632",2009,"Lithuania","Vlak",33
"633",2009,"Luxembourg","Vlak",3
"634",2009,"Netherlands","Vlak",14
"635",2009,"Norway","Vlak",3
"636",2009,"Poland","Vlak",365
"637",2009,"Portugal","Vlak",32
"638",2009,"Romania","Vlak",150
"639",2009,"Slovakia","Vlak",72
"640",2009,"Slovenia","Vlak",11
"641",2009,"Spain","Vlak",31
"642",2009,"Sweden","Vlak",19
"643",2009,"Switzerland","Vlak",22
"644",2009,"United Kingdom","Vlak",53
"645",2010,"Austria","Vlak",30
"646",2010,"Belgium","Vlak",34
"647",2010,"Bulgaria","Vlak",16
"648",2010,"Croatia","Vlak",27
"649",2010,"Czechia","Vlak",48
"650",2010,"Denmark","Vlak",9
"651",2010,"Estonia","Vlak",12
"652",2010,"Finland","Vlak",13
"653",2010,"France","Vlak",69
"654",2010,"Germany (until 1990 former territory of the FRG)","Vlak",146
"655",2010,"Greece","Vlak",29
"656",2010,"Hungary","Vlak",82
"657",2010,"Ireland","Vlak",3
"658",2010,"Italy","Vlak",69
"659",2010,"Latvia","Vlak",22
"660",2010,"Lithuania","Vlak",31
"661",2010,"Luxembourg","Vlak",0
"662",2010,"Netherlands","Vlak",10
"663",2010,"Norway","Vlak",9
"664",2010,"Poland","Vlak",283
"665",2010,"Portugal","Vlak",22
"666",2010,"Romania","Vlak",139
"667",2010,"Slovakia","Vlak",58
"668",2010,"Slovenia","Vlak",14
"669",2010,"Spain","Vlak",37
"670",2010,"Sweden","Vlak",42
"671",2010,"Switzerland","Vlak",11
"672",2010,"United Kingdom","Vlak",25
"673",2011,"Austria","Vlak",35
"674",2011,"Belgium","Vlak",27
"675",2011,"Bulgaria","Vlak",37
"676",2011,"Croatia","Vlak",26
"677",2011,"Czechia","Vlak",29
"678",2011,"Denmark","Vlak",4
"679",2011,"Estonia","Vlak",9
"680",2011,"Finland","Vlak",5
"681",2011,"France","Vlak",88
"682",2011,"Germany (until 1990 former territory of the FRG)","Vlak",140
"683",2011,"Greece","Vlak",13
"684",2011,"Hungary","Vlak",84
"685",2011,"Ireland","Vlak",1
"686",2011,"Italy","Vlak",64
"687",2011,"Latvia","Vlak",13
"688",2011,"Lithuania","Vlak",26
"689",2011,"Luxembourg","Vlak",0
"690",2011,"Netherlands","Vlak",14
"691",2011,"Norway","Vlak",6
"692",2011,"Poland","Vlak",320
"693",2011,"Portugal","Vlak",14
"694",2011,"Romania","Vlak",100
"695",2011,"Slovakia","Vlak",49
"696",2011,"Slovenia","Vlak",4
"697",2011,"Spain","Vlak",25
"698",2011,"Sweden","Vlak",24
"699",2011,"Switzerland","Vlak",10
"700",2011,"United Kingdom","Vlak",55
"701",2012,"Austria","Vlak",33
"702",2012,"Belgium","Vlak",18
"703",2012,"Bulgaria","Vlak",21
"704",2012,"Croatia","Vlak",14
"705",2012,"Czechia","Vlak",26
"706",2012,"Denmark","Vlak",8
"707",2012,"Estonia","Vlak",7
"708",2012,"Finland","Vlak",9
"709",2012,"France","Vlak",71
"710",2012,"Germany (until 1990 former territory of the FRG)","Vlak",138
"711",2012,"Greece","Vlak",18
"712",2012,"Hungary","Vlak",72
"713",2012,"Ireland","Vlak",0
"714",2012,"Italy","Vlak",68
"715",2012,"Latvia","Vlak",18
"716",2012,"Lithuania","Vlak",19
"717",2012,"Luxembourg","Vlak",0
"718",2012,"Netherlands","Vlak",16
"719",2012,"Norway","Vlak",1
"720",2012,"Poland","Vlak",271
"721",2012,"Portugal","Vlak",24
"722",2012,"Romania","Vlak",126
"723",2012,"Slovakia","Vlak",68
"724",2012,"Slovenia","Vlak",5
"725",2012,"Spain","Vlak",27
"726",2012,"Sweden","Vlak",15
"727",2012,"Switzerland","Vlak",19
"728",2012,"United Kingdom","Vlak",42
"729",2013,"Austria","Vlak",26
"730",2013,"Belgium","Vlak",15
"731",2013,"Bulgaria","Vlak",12
"732",2013,"Croatia","Vlak",18
"733",2013,"Czechia","Vlak",24
"734",2013,"Denmark","Vlak",8
"735",2013,"Estonia","Vlak",4
"736",2013,"Finland","Vlak",6
"737",2013,"France","Vlak",85
"738",2013,"Germany (until 1990 former territory of the FRG)","Vlak",137
"739",2013,"Greece","Vlak",9
"740",2013,"Hungary","Vlak",102
"741",2013,"Ireland","Vlak",1
"742",2013,"Italy","Vlak",61
"743",2013,"Latvia","Vlak",14
"744",2013,"Lithuania","Vlak",17
"745",2013,"Luxembourg","Vlak",3
"746",2013,"Netherlands","Vlak",17
"747",2013,"Norway","Vlak",4
"748",2013,"Poland","Vlak",227
"749",2013,"Portugal","Vlak",26
"750",2013,"Romania","Vlak",101
"751",2013,"Slovakia","Vlak",55
"752",2013,"Slovenia","Vlak",5
"753",2013,"Spain","Vlak",105
"754",2013,"Sweden","Vlak",17
"755",2013,"Switzerland","Vlak",17
"756",2013,"United Kingdom","Vlak",34
"757",2014,"Austria","Vlak",25
"758",2014,"Belgium","Vlak",22
"759",2014,"Bulgaria","Vlak",23
"760",2014,"Croatia","Vlak",19
"761",2014,"Czechia","Vlak",31
"762",2014,"Denmark","Vlak",12
"763",2014,"Estonia","Vlak",9
"764",2014,"Finland","Vlak",6
"765",2014,"France","Vlak",65
"766",2014,"Germany (until 1990 former territory of the FRG)","Vlak",160
"767",2014,"Greece","Vlak",9
"768",2014,"Hungary","Vlak",108
"769",2014,"Ireland","Vlak",2
"770",2014,"Italy","Vlak",53
"771",2014,"Latvia","Vlak",15
"772",2014,"Lithuania","Vlak",11
"773",2014,"Luxembourg","Vlak",0
"774",2014,"Netherlands","Vlak",9
"775",2014,"Norway","Vlak",1
"776",2014,"Poland","Vlak",206
"777",2014,"Portugal","Vlak",19
"778",2014,"Romania","Vlak",96
"779",2014,"Slovakia","Vlak",76
"780",2014,"Slovenia","Vlak",3
"781",2014,"Spain","Vlak",25
"782",2014,"Sweden","Vlak",25
"783",2014,"Switzerland","Vlak",18
"784",2014,"United Kingdom","Vlak",25
"785",2015,"Austria","Vlak",35
"786",2015,"Belgium","Vlak",13
"787",2015,"Bulgaria","Vlak",20
"788",2015,"Croatia","Vlak",15
"789",2015,"Czechia","Vlak",29
"790",2015,"Denmark","Vlak",7
"791",2015,"Estonia","Vlak",2
"792",2015,"Finland","Vlak",7
"793",2015,"France","Vlak",54
"794",2015,"Germany (until 1990 former territory of the FRG)","Vlak",130
"795",2015,"Greece","Vlak",14
"796",2015,"Hungary","Vlak",109
"797",2015,"Ireland","Vlak",0
"798",2015,"Italy","Vlak",46
"799",2015,"Latvia","Vlak",9
"800",2015,"Lithuania","Vlak",8
"801",2015,"Luxembourg","Vlak",0
"802",2015,"Netherlands","Vlak",18
"803",2015,"Norway","Vlak",2
"804",2015,"Poland","Vlak",227
"805",2015,"Portugal","Vlak",18
"806",2015,"Romania","Vlak",81
"807",2015,"Slovakia","Vlak",51
"808",2015,"Slovenia","Vlak",1
"809",2015,"Spain","Vlak",20
"810",2015,"Sweden","Vlak",16
"811",2015,"Switzerland","Vlak",10
"812",2015,"United Kingdom","Vlak",23
"813",2016,"Austria","Vlak",31
"814",2016,"Belgium","Vlak",14
"815",2016,"Bulgaria","Vlak",22
"816",2016,"Croatia","Vlak",11
"817",2016,"Czechia","Vlak",34
"818",2016,"Denmark","Vlak",1
"819",2016,"Estonia","Vlak",0
"820",2016,"Finland","Vlak",10
"821",2016,"France","Vlak",81
"822",2016,"Germany (until 1990 former territory of the FRG)","Vlak",150
"823",2016,"Greece","Vlak",10
"824",2016,"Hungary","Vlak",97
"825",2016,"Ireland","Vlak",0
"826",2016,"Italy","Vlak",85
"827",2016,"Latvia","Vlak",15
"828",2016,"Lithuania","Vlak",16
"829",2016,"Luxembourg","Vlak",0
"830",2016,"Netherlands","Vlak",8
"831",2016,"Norway","Vlak",3
"832",2016,"Poland","Vlak",167
"833",2016,"Portugal","Vlak",25
"834",2016,"Romania","Vlak",87
"835",2016,"Slovakia","Vlak",26
"836",2016,"Slovenia","Vlak",5
"837",2016,"Spain","Vlak",28
"838",2016,"Sweden","Vlak",13
"839",2016,"Switzerland","Vlak",18
"840",2016,"United Kingdom","Vlak",28
