"TIME","GEO","TRA_MODE","UNIT","Value","Flag and Footnotes"
"2007","European Union (current composition)","Railways","Percentage","18.2","e"
"2007","European Union (current composition)","Roads","Percentage","75.5","e"
"2007","European Union (current composition)","Inland waterways","Percentage","6.3","e"
"2007","Belgium","Railways","Percentage","13.8",""
"2007","Belgium","Roads","Percentage","72.9",""
"2007","Belgium","Inland waterways","Percentage","13.4",""
"2007","Bulgaria","Railways","Percentage","24.2","e"
"2007","Bulgaria","Roads","Percentage","48.1","e"
"2007","Bulgaria","Inland waterways","Percentage","27.7","e"
"2007","Czechia","Railways","Percentage","32.4",""
"2007","Czechia","Roads","Percentage","67.5",""
"2007","Czechia","Inland waterways","Percentage","0.1",""
"2007","Denmark","Railways","Percentage","8.8",""
"2007","Denmark","Roads","Percentage","91.2",""
"2007","Denmark","Inland waterways","Percentage",":","z"
"2007","Germany (until 1990 former territory of the FRG)","Railways","Percentage","19.3",""
"2007","Germany (until 1990 former territory of the FRG)","Roads","Percentage","69.7",""
"2007","Germany (until 1990 former territory of the FRG)","Inland waterways","Percentage","10.9",""
"2007","Estonia","Railways","Percentage","74.2",""
"2007","Estonia","Roads","Percentage","25.8",""
"2007","Estonia","Inland waterways","Percentage",":","z"
"2007","Ireland","Railways","Percentage","0.8",""
"2007","Ireland","Roads","Percentage","99.2",""
"2007","Ireland","Inland waterways","Percentage",":","z"
"2007","Greece","Railways","Percentage","3.3",""
"2007","Greece","Roads","Percentage","96.7",""
"2007","Greece","Inland waterways","Percentage",":","z"
"2007","Spain","Railways","Percentage","4.5",""
"2007","Spain","Roads","Percentage","95.5",""
"2007","Spain","Inland waterways","Percentage",":","z"
"2007","France","Railways","Percentage","11.6",""
"2007","France","Roads","Percentage","85.9",""
"2007","France","Inland waterways","Percentage","2.5",""
"2007","Croatia","Railways","Percentage","23.1","e"
"2007","Croatia","Roads","Percentage","71.2","e"
"2007","Croatia","Inland waterways","Percentage","5.7","e"
"2007","Italy","Railways","Percentage","11.9",""
"2007","Italy","Roads","Percentage","88",""
"2007","Italy","Inland waterways","Percentage","0",""
"2007","Latvia","Railways","Percentage","80.6",""
"2007","Latvia","Roads","Percentage","19.4",""
"2007","Latvia","Inland waterways","Percentage",":","z"
"2007","Lithuania","Railways","Percentage","71",""
"2007","Lithuania","Roads","Percentage","28.9",""
"2007","Lithuania","Inland waterways","Percentage","0",""
"2007","Luxembourg","Railways","Percentage","19.7",""
"2007","Luxembourg","Roads","Percentage","68.5",""
"2007","Luxembourg","Inland waterways","Percentage","11.8",""
"2007","Hungary","Railways","Percentage","26.2",""
"2007","Hungary","Roads","Percentage","68.1",""
"2007","Hungary","Inland waterways","Percentage","5.8",""
"2007","Netherlands","Railways","Percentage","7",""
"2007","Netherlands","Roads","Percentage","48.2",""
"2007","Netherlands","Inland waterways","Percentage","44.8",""
"2007","Austria","Railways","Percentage","34.2",""
"2007","Austria","Roads","Percentage","61.7",""
"2007","Austria","Inland waterways","Percentage","4.2",""
"2007","Poland","Railways","Percentage","36.2",""
"2007","Poland","Roads","Percentage","63.6",""
"2007","Poland","Inland waterways","Percentage","0.2",""
"2007","Portugal","Railways","Percentage","9.1",""
"2007","Portugal","Roads","Percentage","90.9",""
"2007","Portugal","Inland waterways","Percentage",":","z"
"2007","Romania","Railways","Percentage","24.9","e"
"2007","Romania","Roads","Percentage","53.5","e"
"2007","Romania","Inland waterways","Percentage","21.6","e"
"2007","Slovenia","Railways","Percentage","29.9",""
"2007","Slovenia","Roads","Percentage","70.1",""
"2007","Slovenia","Inland waterways","Percentage",":","z"
"2007","Slovakia","Railways","Percentage","42.3",""
"2007","Slovakia","Roads","Percentage","53.3",""
"2007","Slovakia","Inland waterways","Percentage","4.4",""
"2007","Finland","Railways","Percentage","27.8",""
"2007","Finland","Roads","Percentage","72",""
"2007","Finland","Inland waterways","Percentage","0.3",""
"2007","Sweden","Railways","Percentage","32.7",""
"2007","Sweden","Roads","Percentage","67.3",""
"2007","Sweden","Inland waterways","Percentage",":","z"
"2007","United Kingdom","Railways","Percentage","10.7",""
"2007","United Kingdom","Roads","Percentage","89.3",""
"2007","United Kingdom","Inland waterways","Percentage","0.1",""
"2007","Norway","Railways","Percentage","16.4",""
"2007","Norway","Roads","Percentage","83.6",""
"2007","Norway","Inland waterways","Percentage",":","z"
"2007","Switzerland","Railways","Percentage","35.2","e"
"2007","Switzerland","Roads","Percentage","64.8","e"
"2007","Switzerland","Inland waterways","Percentage",":","z"
"2008","European Union (current composition)","Railways","Percentage","18.1","e"
"2008","European Union (current composition)","Roads","Percentage","75.5","e"
"2008","European Union (current composition)","Inland waterways","Percentage","6.4","e"
"2008","Belgium","Railways","Percentage","13.8",""
"2008","Belgium","Roads","Percentage","72.7",""
"2008","Belgium","Inland waterways","Percentage","13.5",""
"2008","Bulgaria","Railways","Percentage","23.2","e"
"2008","Bulgaria","Roads","Percentage","48.2","e"
"2008","Bulgaria","Inland waterways","Percentage","28.6","e"
"2008","Czechia","Railways","Percentage","32.1",""
"2008","Czechia","Roads","Percentage","67.8",""
"2008","Czechia","Inland waterways","Percentage","0.1",""
"2008","Denmark","Railways","Percentage","9",""
"2008","Denmark","Roads","Percentage","91",""
"2008","Denmark","Inland waterways","Percentage",":","z"
"2008","Germany (until 1990 former territory of the FRG)","Railways","Percentage","19.3",""
"2008","Germany (until 1990 former territory of the FRG)","Roads","Percentage","70",""
"2008","Germany (until 1990 former territory of the FRG)","Inland waterways","Percentage","10.7",""
"2008","Estonia","Railways","Percentage","68.2",""
"2008","Estonia","Roads","Percentage","31.8",""
"2008","Estonia","Inland waterways","Percentage",":","z"
"2008","Ireland","Railways","Percentage","0.7",""
"2008","Ireland","Roads","Percentage","99.3",""
"2008","Ireland","Inland waterways","Percentage",":","z"
"2008","Greece","Railways","Percentage","2.9",""
"2008","Greece","Roads","Percentage","97.1",""
"2008","Greece","Inland waterways","Percentage",":","z"
"2008","Spain","Railways","Percentage","4.8",""
"2008","Spain","Roads","Percentage","95.2",""
"2008","Spain","Inland waterways","Percentage",":","z"
"2008","France","Railways","Percentage","11.5",""
"2008","France","Roads","Percentage","85.9",""
"2008","France","Inland waterways","Percentage","2.5",""
"2008","Croatia","Railways","Percentage","22.8",""
"2008","Croatia","Roads","Percentage","71.4",""
"2008","Croatia","Inland waterways","Percentage","5.8",""
"2008","Italy","Railways","Percentage","11.3",""
"2008","Italy","Roads","Percentage","88.7",""
"2008","Italy","Inland waterways","Percentage","0",""
"2008","Latvia","Railways","Percentage","83.4",""
"2008","Latvia","Roads","Percentage","16.6",""
"2008","Latvia","Inland waterways","Percentage",":","z"
"2008","Lithuania","Railways","Percentage","73",""
"2008","Lithuania","Roads","Percentage","27",""
"2008","Lithuania","Inland waterways","Percentage","0.1",""
"2008","Luxembourg","Railways","Percentage","9.9",""
"2008","Luxembourg","Roads","Percentage","77.1",""
"2008","Luxembourg","Inland waterways","Percentage","13",""
"2008","Hungary","Railways","Percentage","25.1",""
"2008","Hungary","Roads","Percentage","69.2",""
"2008","Hungary","Inland waterways","Percentage","5.7",""
"2008","Netherlands","Railways","Percentage","6.7",""
"2008","Netherlands","Roads","Percentage","49.1",""
"2008","Netherlands","Inland waterways","Percentage","44.2",""
"2008","Austria","Railways","Percentage","33.5",""
"2008","Austria","Roads","Percentage","62.9",""
"2008","Austria","Inland waterways","Percentage","3.6",""
"2008","Poland","Railways","Percentage","33.8",""
"2008","Poland","Roads","Percentage","66",""
"2008","Poland","Inland waterways","Percentage","0.2",""
"2008","Portugal","Railways","Percentage","9.7",""
"2008","Portugal","Roads","Percentage","90.3",""
"2008","Portugal","Inland waterways","Percentage",":","z"
"2008","Romania","Railways","Percentage","25.3","e"
"2008","Romania","Roads","Percentage","51.4","e"
"2008","Romania","Inland waterways","Percentage","23.3","e"
"2008","Slovenia","Railways","Percentage","29.4",""
"2008","Slovenia","Roads","Percentage","70.6",""
"2008","Slovenia","Inland waterways","Percentage",":","z"
"2008","Slovakia","Railways","Percentage","40.3",""
"2008","Slovakia","Roads","Percentage","54.9",""
"2008","Slovakia","Inland waterways","Percentage","4.8",""
"2008","Finland","Railways","Percentage","27.2",""
"2008","Finland","Roads","Percentage","72.6",""
"2008","Finland","Inland waterways","Percentage","0.2",""
"2008","Sweden","Railways","Percentage","31.9",""
"2008","Sweden","Roads","Percentage","68.1",""
"2008","Sweden","Inland waterways","Percentage",":","z"
"2008","United Kingdom","Railways","Percentage","11.2",""
"2008","United Kingdom","Roads","Percentage","88.8",""
"2008","United Kingdom","Inland waterways","Percentage","0.1",""
"2008","Norway","Railways","Percentage","15.6",""
"2008","Norway","Roads","Percentage","84.4",""
"2008","Norway","Inland waterways","Percentage",":","z"
"2008","Switzerland","Railways","Percentage","35.5",""
"2008","Switzerland","Roads","Percentage","64.5",""
"2008","Switzerland","Inland waterways","Percentage",":","z"
"2009","European Union (current composition)","Railways","Percentage","16.9",""
"2009","European Union (current composition)","Roads","Percentage","77",""
"2009","European Union (current composition)","Inland waterways","Percentage","6.2",""
"2009","Belgium","Railways","Percentage","11",""
"2009","Belgium","Roads","Percentage","76.7",""
"2009","Belgium","Inland waterways","Percentage","12.2",""
"2009","Bulgaria","Railways","Percentage","18.2",""
"2009","Bulgaria","Roads","Percentage","50.5",""
"2009","Bulgaria","Inland waterways","Percentage","31.4",""
"2009","Czechia","Railways","Percentage","30.5",""
"2009","Czechia","Roads","Percentage","69.5",""
"2009","Czechia","Inland waterways","Percentage","0.1",""
"2009","Denmark","Railways","Percentage","9.1",""
"2009","Denmark","Roads","Percentage","90.9",""
"2009","Denmark","Inland waterways","Percentage",":","z"
"2009","Germany (until 1990 former territory of the FRG)","Railways","Percentage","17.9",""
"2009","Germany (until 1990 former territory of the FRG)","Roads","Percentage","71.8",""
"2009","Germany (until 1990 former territory of the FRG)","Inland waterways","Percentage","10.4",""
"2009","Estonia","Railways","Percentage","74.1",""
"2009","Estonia","Roads","Percentage","25.9",""
"2009","Estonia","Inland waterways","Percentage",":","z"
"2009","Ireland","Railways","Percentage","0.8",""
"2009","Ireland","Roads","Percentage","99.2",""
"2009","Ireland","Inland waterways","Percentage",":","z"
"2009","Greece","Railways","Percentage","2.1",""
"2009","Greece","Roads","Percentage","97.9",""
"2009","Greece","Inland waterways","Percentage",":","z"
"2009","Spain","Railways","Percentage","4",""
"2009","Spain","Roads","Percentage","96",""
"2009","Spain","Inland waterways","Percentage",":","z"
"2009","France","Railways","Percentage","10.6",""
"2009","France","Roads","Percentage","86.5",""
"2009","France","Inland waterways","Percentage","2.9",""
"2009","Croatia","Railways","Percentage","22.3",""
"2009","Croatia","Roads","Percentage","71.6",""
"2009","Croatia","Inland waterways","Percentage","6.1",""
"2009","Italy","Railways","Percentage","9.2",""
"2009","Italy","Roads","Percentage","90.8",""
"2009","Italy","Inland waterways","Percentage","0",""
"2009","Latvia","Railways","Percentage","85.4",""
"2009","Latvia","Roads","Percentage","14.6",""
"2009","Latvia","Inland waterways","Percentage",":","z"
"2009","Lithuania","Railways","Percentage","70.4",""
"2009","Lithuania","Roads","Percentage","29.6",""
"2009","Lithuania","Inland waterways","Percentage","0",""
"2009","Luxembourg","Railways","Percentage","8.2",""
"2009","Luxembourg","Roads","Percentage","80.4",""
"2009","Luxembourg","Inland waterways","Percentage","11.4",""
"2009","Hungary","Railways","Percentage","24.1",""
"2009","Hungary","Roads","Percentage","70.2",""
"2009","Hungary","Inland waterways","Percentage","5.7",""
"2009","Netherlands","Railways","Percentage","6",""
"2009","Netherlands","Roads","Percentage","53",""
"2009","Netherlands","Inland waterways","Percentage","41",""
"2009","Austria","Railways","Percentage","32",""
"2009","Austria","Roads","Percentage","64.4",""
"2009","Austria","Inland waterways","Percentage","3.6",""
"2009","Poland","Railways","Percentage","28.8",""
"2009","Poland","Roads","Percentage","71.1",""
"2009","Poland","Inland waterways","Percentage","0.1",""
"2009","Portugal","Railways","Percentage","9.4",""
"2009","Portugal","Roads","Percentage","90.6",""
"2009","Portugal","Inland waterways","Percentage",":","z"
"2009","Romania","Railways","Percentage","23.1",""
"2009","Romania","Roads","Percentage","52.4",""
"2009","Romania","Inland waterways","Percentage","24.5",""
"2009","Slovenia","Railways","Percentage","27.8",""
"2009","Slovenia","Roads","Percentage","72.2",""
"2009","Slovenia","Inland waterways","Percentage",":","z"
"2009","Slovakia","Railways","Percentage","35.8",""
"2009","Slovakia","Roads","Percentage","59.6",""
"2009","Slovakia","Inland waterways","Percentage","4.6",""
"2009","Finland","Railways","Percentage","25.8",""
"2009","Finland","Roads","Percentage","74",""
"2009","Finland","Inland waterways","Percentage","0.2",""
"2009","Sweden","Railways","Percentage","33.3",""
"2009","Sweden","Roads","Percentage","66.7",""
"2009","Sweden","Inland waterways","Percentage",":","z"
"2009","United Kingdom","Railways","Percentage","11.7",""
"2009","United Kingdom","Roads","Percentage","88.3",""
"2009","United Kingdom","Inland waterways","Percentage","0.1",""
"2009","Norway","Railways","Percentage","16.4",""
"2009","Norway","Roads","Percentage","83.6",""
"2009","Norway","Inland waterways","Percentage",":","z"
"2009","Switzerland","Railways","Percentage","33.6",""
"2009","Switzerland","Roads","Percentage","66.4",""
"2009","Switzerland","Inland waterways","Percentage",":","z"
"2010","European Union (current composition)","Railways","Percentage","17.4",""
"2010","European Union (current composition)","Roads","Percentage","75.7",""
"2010","European Union (current composition)","Inland waterways","Percentage","6.9",""
"2010","Belgium","Railways","Percentage","12",""
"2010","Belgium","Roads","Percentage","73.4",""
"2010","Belgium","Inland waterways","Percentage","14.6",""
"2010","Bulgaria","Railways","Percentage","17",""
"2010","Bulgaria","Roads","Percentage","49.4",""
"2010","Bulgaria","Inland waterways","Percentage","33.6",""
"2010","Czechia","Railways","Percentage","30.1",""
"2010","Czechia","Roads","Percentage","69.8",""
"2010","Czechia","Inland waterways","Percentage","0.1",""
"2010","Denmark","Railways","Percentage","11.5",""
"2010","Denmark","Roads","Percentage","88.5",""
"2010","Denmark","Inland waterways","Percentage",":","z"
"2010","Germany (until 1990 former territory of the FRG)","Railways","Percentage","18.7",""
"2010","Germany (until 1990 former territory of the FRG)","Roads","Percentage","70.5",""
"2010","Germany (until 1990 former territory of the FRG)","Inland waterways","Percentage","10.8",""
"2010","Estonia","Railways","Percentage","75.4",""
"2010","Estonia","Roads","Percentage","24.6",""
"2010","Estonia","Inland waterways","Percentage",":","z"
"2010","Ireland","Railways","Percentage","0.9",""
"2010","Ireland","Roads","Percentage","99.1",""
"2010","Ireland","Inland waterways","Percentage",":","z"
"2010","Greece","Railways","Percentage","2.2",""
"2010","Greece","Roads","Percentage","97.8",""
"2010","Greece","Inland waterways","Percentage",":","z"
"2010","Spain","Railways","Percentage","4.6",""
"2010","Spain","Roads","Percentage","95.4",""
"2010","Spain","Inland waterways","Percentage",":","z"
"2010","France","Railways","Percentage","9.5",""
"2010","France","Roads","Percentage","87.5",""
"2010","France","Inland waterways","Percentage","3",""
"2010","Croatia","Railways","Percentage","22.8",""
"2010","Croatia","Roads","Percentage","69",""
"2010","Croatia","Inland waterways","Percentage","8.2",""
"2010","Italy","Railways","Percentage","9.2",""
"2010","Italy","Roads","Percentage","90.7",""
"2010","Italy","Inland waterways","Percentage","0.1",""
"2010","Latvia","Railways","Percentage","82.1",""
"2010","Latvia","Roads","Percentage","17.9",""
"2010","Latvia","Inland waterways","Percentage",":","z"
"2010","Lithuania","Railways","Percentage","72.8",""
"2010","Lithuania","Roads","Percentage","27.2",""
"2010","Lithuania","Inland waterways","Percentage","0",""
"2010","Luxembourg","Railways","Percentage","11.6",""
"2010","Luxembourg","Roads","Percentage","75.5",""
"2010","Luxembourg","Inland waterways","Percentage","12.9",""
"2010","Hungary","Railways","Percentage","27.1",""
"2010","Hungary","Roads","Percentage","65.5",""
"2010","Hungary","Inland waterways","Percentage","7.4",""
"2010","Netherlands","Railways","Percentage","5.8",""
"2010","Netherlands","Roads","Percentage","48.4",""
"2010","Netherlands","Inland waterways","Percentage","45.8",""
"2010","Austria","Railways","Percentage","33",""
"2010","Austria","Roads","Percentage","63",""
"2010","Austria","Inland waterways","Percentage","4",""
"2010","Poland","Railways","Percentage","29.5",""
"2010","Poland","Roads","Percentage","70.4",""
"2010","Poland","Inland waterways","Percentage","0.1",""
"2010","Portugal","Railways","Percentage","10.9",""
"2010","Portugal","Roads","Percentage","89.1",""
"2010","Portugal","Inland waterways","Percentage",":","z"
"2010","Romania","Railways","Percentage","29.3",""
"2010","Romania","Roads","Percentage","36.9",""
"2010","Romania","Inland waterways","Percentage","33.8",""
"2010","Slovenia","Railways","Percentage","31.8",""
"2010","Slovenia","Roads","Percentage","68.2",""
"2010","Slovenia","Inland waterways","Percentage",":","z"
"2010","Slovakia","Railways","Percentage","38.5",""
"2010","Slovakia","Roads","Percentage","55.9",""
"2010","Slovakia","Inland waterways","Percentage","5.6",""
"2010","Finland","Railways","Percentage","26.8",""
"2010","Finland","Roads","Percentage","72.9",""
"2010","Finland","Inland waterways","Percentage","0.2",""
"2010","Sweden","Railways","Percentage","35.6",""
"2010","Sweden","Roads","Percentage","64.4",""
"2010","Sweden","Inland waterways","Percentage",":","z"
"2010","United Kingdom","Railways","Percentage","10.9",""
"2010","United Kingdom","Roads","Percentage","89",""
"2010","United Kingdom","Inland waterways","Percentage","0.1",""
"2010","Norway","Railways","Percentage","15.4",""
"2010","Norway","Roads","Percentage","84.6",""
"2010","Norway","Inland waterways","Percentage",":","z"
"2010","Switzerland","Railways","Percentage","33.9",""
"2010","Switzerland","Roads","Percentage","66.1",""
"2010","Switzerland","Inland waterways","Percentage",":","z"
"2011","European Union (current composition)","Railways","Percentage","18.7",""
"2011","European Union (current composition)","Roads","Percentage","75.1",""
"2011","European Union (current composition)","Inland waterways","Percentage","6.3",""
"2011","Belgium","Railways","Percentage","12.2",""
"2011","Belgium","Roads","Percentage","73",""
"2011","Belgium","Inland waterways","Percentage","14.8",""
"2011","Bulgaria","Railways","Percentage","19",""
"2011","Bulgaria","Roads","Percentage","56.1",""
"2011","Bulgaria","Inland waterways","Percentage","24.9",""
"2011","Czechia","Railways","Percentage","30.1",""
"2011","Czechia","Roads","Percentage","69.8",""
"2011","Czechia","Inland waterways","Percentage","0.1",""
"2011","Denmark","Railways","Percentage","12.4",""
"2011","Denmark","Roads","Percentage","87.6",""
"2011","Denmark","Inland waterways","Percentage",":","z"
"2011","Germany (until 1990 former territory of the FRG)","Railways","Percentage","19.3",""
"2011","Germany (until 1990 former territory of the FRG)","Roads","Percentage","71.3",""
"2011","Germany (until 1990 former territory of the FRG)","Inland waterways","Percentage","9.4",""
"2011","Estonia","Railways","Percentage","71.6",""
"2011","Estonia","Roads","Percentage","28.4",""
"2011","Estonia","Inland waterways","Percentage",":","z"
"2011","Ireland","Railways","Percentage","1.1",""
"2011","Ireland","Roads","Percentage","98.9",""
"2011","Ireland","Inland waterways","Percentage",":","z"
"2011","Greece","Railways","Percentage","1.8",""
"2011","Greece","Roads","Percentage","98.2",""
"2011","Greece","Inland waterways","Percentage",":","z"
"2011","Spain","Railways","Percentage","5",""
"2011","Spain","Roads","Percentage","95",""
"2011","Spain","Inland waterways","Percentage",":","z"
"2011","France","Railways","Percentage","10.8",""
"2011","France","Roads","Percentage","86.3",""
"2011","France","Inland waterways","Percentage","2.9",""
"2011","Croatia","Railways","Percentage","22.4",""
"2011","Croatia","Roads","Percentage","71.2",""
"2011","Croatia","Inland waterways","Percentage","6.4",""
"2011","Italy","Railways","Percentage","11.2",""
"2011","Italy","Roads","Percentage","88.8",""
"2011","Italy","Inland waterways","Percentage","0.1",""
"2011","Latvia","Railways","Percentage","84.2",""
"2011","Latvia","Roads","Percentage","15.8",""
"2011","Latvia","Inland waterways","Percentage",":","z"
"2011","Lithuania","Railways","Percentage","73.7",""
"2011","Lithuania","Roads","Percentage","26.3",""
"2011","Lithuania","Inland waterways","Percentage","0",""
"2011","Luxembourg","Railways","Percentage","10.5",""
"2011","Luxembourg","Roads","Percentage","78.4",""
"2011","Luxembourg","Inland waterways","Percentage","11.1",""
"2011","Hungary","Railways","Percentage","28.5",""
"2011","Hungary","Roads","Percentage","65.8",""
"2011","Hungary","Inland waterways","Percentage","5.7",""
"2011","Netherlands","Railways","Percentage","6.3",""
"2011","Netherlands","Roads","Percentage","48.2",""
"2011","Netherlands","Inland waterways","Percentage","45.6",""
"2011","Austria","Railways","Percentage","33.1",""
"2011","Austria","Roads","Percentage","63.5",""
"2011","Austria","Inland waterways","Percentage","3.4",""
"2011","Poland","Railways","Percentage","29.9",""
"2011","Poland","Roads","Percentage","70",""
"2011","Poland","Inland waterways","Percentage","0.1",""
"2011","Portugal","Railways","Percentage","10.9",""
"2011","Portugal","Roads","Percentage","89.1",""
"2011","Portugal","Inland waterways","Percentage",":","z"
"2011","Romania","Railways","Percentage","35.4",""
"2011","Romania","Roads","Percentage","37.2",""
"2011","Romania","Inland waterways","Percentage","27.4",""
"2011","Slovenia","Railways","Percentage","34",""
"2011","Slovenia","Roads","Percentage","66",""
"2011","Slovenia","Inland waterways","Percentage",":","z"
"2011","Slovakia","Railways","Percentage","38.2",""
"2011","Slovakia","Roads","Percentage","57.3",""
"2011","Slovakia","Inland waterways","Percentage","4.5",""
"2011","Finland","Railways","Percentage","27.6",""
"2011","Finland","Roads","Percentage","72.2",""
"2011","Finland","Inland waterways","Percentage","0.3",""
"2011","Sweden","Railways","Percentage","34.8",""
"2011","Sweden","Roads","Percentage","65.2",""
"2011","Sweden","Inland waterways","Percentage",":","z"
"2011","United Kingdom","Railways","Percentage","11.7",""
"2011","United Kingdom","Roads","Percentage","88.2",""
"2011","United Kingdom","Inland waterways","Percentage","0.1",""
"2011","Norway","Railways","Percentage","15.8",""
"2011","Norway","Roads","Percentage","84.2",""
"2011","Norway","Inland waterways","Percentage",":","z"
"2011","Switzerland","Railways","Percentage","35.3",""
"2011","Switzerland","Roads","Percentage","64.7",""
"2011","Switzerland","Inland waterways","Percentage",":","z"
"2012","European Union (current composition)","Railways","Percentage","18.5","e"
"2012","European Union (current composition)","Roads","Percentage","74.7","e"
"2012","European Union (current composition)","Inland waterways","Percentage","6.8","e"
"2012","Belgium","Railways","Percentage","11.4","e"
"2012","Belgium","Roads","Percentage","72.2","e"
"2012","Belgium","Inland waterways","Percentage","16.4","e"
"2012","Bulgaria","Railways","Percentage","16.6",""
"2012","Bulgaria","Roads","Percentage","52.9",""
"2012","Bulgaria","Inland waterways","Percentage","30.5",""
"2012","Czechia","Railways","Percentage","30.5",""
"2012","Czechia","Roads","Percentage","69.4",""
"2012","Czechia","Inland waterways","Percentage","0.1",""
"2012","Denmark","Railways","Percentage","10.9",""
"2012","Denmark","Roads","Percentage","89.1",""
"2012","Denmark","Inland waterways","Percentage",":","z"
"2012","Germany (until 1990 former territory of the FRG)","Railways","Percentage","19.1",""
"2012","Germany (until 1990 former territory of the FRG)","Roads","Percentage","70.8",""
"2012","Germany (until 1990 former territory of the FRG)","Inland waterways","Percentage","10.1",""
"2012","Estonia","Railways","Percentage","66.9",""
"2012","Estonia","Roads","Percentage","33.1",""
"2012","Estonia","Inland waterways","Percentage",":","z"
"2012","Ireland","Railways","Percentage","1",""
"2012","Ireland","Roads","Percentage","99",""
"2012","Ireland","Inland waterways","Percentage",":","z"
"2012","Greece","Railways","Percentage","1.5",""
"2012","Greece","Roads","Percentage","98.5",""
"2012","Greece","Inland waterways","Percentage",":","z"
"2012","Spain","Railways","Percentage","5.3",""
"2012","Spain","Roads","Percentage","94.7",""
"2012","Spain","Inland waterways","Percentage",":","z"
"2012","France","Railways","Percentage","10.8",""
"2012","France","Roads","Percentage","86.2",""
"2012","France","Inland waterways","Percentage","3",""
"2012","Croatia","Railways","Percentage","22.2",""
"2012","Croatia","Roads","Percentage","70.5",""
"2012","Croatia","Inland waterways","Percentage","7.3",""
"2012","Italy","Railways","Percentage","12.7",""
"2012","Italy","Roads","Percentage","87.3",""
"2012","Italy","Inland waterways","Percentage","0.1",""
"2012","Latvia","Railways","Percentage","84.1",""
"2012","Latvia","Roads","Percentage","15.9",""
"2012","Latvia","Inland waterways","Percentage",":","z"
"2012","Lithuania","Railways","Percentage","70.3",""
"2012","Lithuania","Roads","Percentage","29.7",""
"2012","Lithuania","Inland waterways","Percentage","0",""
"2012","Luxembourg","Railways","Percentage","7.1",""
"2012","Luxembourg","Roads","Percentage","84",""
"2012","Luxembourg","Inland waterways","Percentage","8.9",""
"2012","Hungary","Railways","Percentage","29.8",""
"2012","Hungary","Roads","Percentage","63.8",""
"2012","Hungary","Inland waterways","Percentage","6.4",""
"2012","Netherlands","Railways","Percentage","6.1",""
"2012","Netherlands","Roads","Percentage","46.7",""
"2012","Netherlands","Inland waterways","Percentage","47.2",""
"2012","Austria","Railways","Percentage","32.7",""
"2012","Austria","Roads","Percentage","63.7",""
"2012","Austria","Inland waterways","Percentage","3.7",""
"2012","Poland","Railways","Percentage","27.6",""
"2012","Poland","Roads","Percentage","72.3",""
"2012","Poland","Inland waterways","Percentage","0.1",""
"2012","Portugal","Railways","Percentage","12.8",""
"2012","Portugal","Roads","Percentage","87.2",""
"2012","Portugal","Inland waterways","Percentage",":","z"
"2012","Romania","Railways","Percentage","31.4",""
"2012","Romania","Roads","Percentage","39.4",""
"2012","Romania","Inland waterways","Percentage","29.2",""
"2012","Slovenia","Railways","Percentage","32.8",""
"2012","Slovenia","Roads","Percentage","67.2",""
"2012","Slovenia","Inland waterways","Percentage",":","z"
"2012","Slovakia","Railways","Percentage","36.5",""
"2012","Slovakia","Roads","Percentage","58.7",""
"2012","Slovakia","Inland waterways","Percentage","4.7",""
"2012","Finland","Railways","Percentage","28.6",""
"2012","Finland","Roads","Percentage","71",""
"2012","Finland","Inland waterways","Percentage","0.4",""
"2012","Sweden","Railways","Percentage","35.8",""
"2012","Sweden","Roads","Percentage","64.2",""
"2012","Sweden","Inland waterways","Percentage",":","z"
"2012","United Kingdom","Railways","Percentage","11.6",""
"2012","United Kingdom","Roads","Percentage","88.3",""
"2012","United Kingdom","Inland waterways","Percentage","0.1",""
"2012","Norway","Railways","Percentage","14.8",""
"2012","Norway","Roads","Percentage","85.2",""
"2012","Norway","Inland waterways","Percentage",":","z"
"2012","Switzerland","Railways","Percentage","34.7",""
"2012","Switzerland","Roads","Percentage","65.3",""
"2012","Switzerland","Inland waterways","Percentage",":","z"
"2013","European Union (current composition)","Railways","Percentage","18.2","e"
"2013","European Union (current composition)","Roads","Percentage","74.9","e"
"2013","European Union (current composition)","Inland waterways","Percentage","6.9","e"
"2013","Belgium","Railways","Percentage","11","e"
"2013","Belgium","Roads","Percentage","73.1","e"
"2013","Belgium","Inland waterways","Percentage","15.9","e"
"2013","Bulgaria","Railways","Percentage","16.6",""
"2013","Bulgaria","Roads","Percentage","56",""
"2013","Bulgaria","Inland waterways","Percentage","27.4",""
"2013","Czechia","Railways","Percentage","28.3",""
"2013","Czechia","Roads","Percentage","71.7",""
"2013","Czechia","Inland waterways","Percentage","0.1",""
"2013","Denmark","Railways","Percentage","11.3",""
"2013","Denmark","Roads","Percentage","88.7",""
"2013","Denmark","Inland waterways","Percentage",":","z"
"2013","Germany (until 1990 former territory of the FRG)","Railways","Percentage","19.1",""
"2013","Germany (until 1990 former territory of the FRG)","Roads","Percentage","70.7",""
"2013","Germany (until 1990 former territory of the FRG)","Inland waterways","Percentage","10.2",""
"2013","Estonia","Railways","Percentage","63.7",""
"2013","Estonia","Roads","Percentage","36.3",""
"2013","Estonia","Inland waterways","Percentage",":","z"
"2013","Ireland","Railways","Percentage","1.1",""
"2013","Ireland","Roads","Percentage","98.9",""
"2013","Ireland","Inland waterways","Percentage",":","z"
"2013","Greece","Railways","Percentage","1.4",""
"2013","Greece","Roads","Percentage","98.6",""
"2013","Greece","Inland waterways","Percentage",":","z"
"2013","Spain","Railways","Percentage","5.3",""
"2013","Spain","Roads","Percentage","94.7",""
"2013","Spain","Inland waterways","Percentage",":","z"
"2013","France","Railways","Percentage","10.6",""
"2013","France","Roads","Percentage","86.4",""
"2013","France","Inland waterways","Percentage","3",""
"2013","Croatia","Railways","Percentage","19.7",""
"2013","Croatia","Roads","Percentage","73",""
"2013","Croatia","Inland waterways","Percentage","7.3",""
"2013","Italy","Railways","Percentage","11.8",""
"2013","Italy","Roads","Percentage","88.1",""
"2013","Italy","Inland waterways","Percentage","0.1",""
"2013","Latvia","Railways","Percentage","81.2",""
"2013","Latvia","Roads","Percentage","18.8",""
"2013","Latvia","Inland waterways","Percentage",":","z"
"2013","Lithuania","Railways","Percentage","66.6",""
"2013","Lithuania","Roads","Percentage","33.4",""
"2013","Lithuania","Inland waterways","Percentage","0",""
"2013","Luxembourg","Railways","Percentage","7.3",""
"2013","Luxembourg","Roads","Percentage","82.2",""
"2013","Luxembourg","Inland waterways","Percentage","10.5",""
"2013","Hungary","Railways","Percentage","30.7",""
"2013","Hungary","Roads","Percentage","63.3",""
"2013","Hungary","Inland waterways","Percentage","6.1",""
"2013","Netherlands","Railways","Percentage","5.7",""
"2013","Netherlands","Roads","Percentage","48.2",""
"2013","Netherlands","Inland waterways","Percentage","46",""
"2013","Austria","Railways","Percentage","32",""
"2013","Austria","Roads","Percentage","64.1",""
"2013","Austria","Inland waterways","Percentage","3.9",""
"2013","Poland","Railways","Percentage","26.4",""
"2013","Poland","Roads","Percentage","73.5",""
"2013","Poland","Inland waterways","Percentage","0",""
"2013","Portugal","Railways","Percentage","12.7",""
"2013","Portugal","Roads","Percentage","87.3",""
"2013","Portugal","Inland waterways","Percentage",":","z"
"2013","Romania","Railways","Percentage","30.7",""
"2013","Romania","Roads","Percentage","40.3",""
"2013","Romania","Inland waterways","Percentage","29",""
"2013","Slovenia","Railways","Percentage","34.7",""
"2013","Slovenia","Roads","Percentage","65.3",""
"2013","Slovenia","Inland waterways","Percentage",":","z"
"2013","Slovakia","Railways","Percentage","39",""
"2013","Slovakia","Roads","Percentage","56.4",""
"2013","Slovakia","Inland waterways","Percentage","4.6",""
"2013","Finland","Railways","Percentage","30.1",""
"2013","Finland","Roads","Percentage","69.5",""
"2013","Finland","Inland waterways","Percentage","0.4",""
"2013","Sweden","Railways","Percentage","33.7",""
"2013","Sweden","Roads","Percentage","66.3",""
"2013","Sweden","Inland waterways","Percentage",":","z"
"2013","United Kingdom","Railways","Percentage","12.8",""
"2013","United Kingdom","Roads","Percentage","87.1",""
"2013","United Kingdom","Inland waterways","Percentage","0.1",""
"2013","Norway","Railways","Percentage","13.3",""
"2013","Norway","Roads","Percentage","86.7",""
"2013","Norway","Inland waterways","Percentage",":","z"
"2013","Switzerland","Railways","Percentage","36.2",""
"2013","Switzerland","Roads","Percentage","63.8",""
"2013","Switzerland","Inland waterways","Percentage",":","z"
"2014","European Union (current composition)","Railways","Percentage","18.4","e"
"2014","European Union (current composition)","Roads","Percentage","74.9","e"
"2014","European Union (current composition)","Inland waterways","Percentage","6.7","e"
"2014","Belgium","Railways","Percentage","11.1","e"
"2014","Belgium","Roads","Percentage","73","e"
"2014","Belgium","Inland waterways","Percentage","15.9","e"
"2014","Bulgaria","Railways","Percentage","18.2",""
"2014","Bulgaria","Roads","Percentage","54.9",""
"2014","Bulgaria","Inland waterways","Percentage","26.9",""
"2014","Czechia","Railways","Percentage","28.2",""
"2014","Czechia","Roads","Percentage","71.7",""
"2014","Czechia","Inland waterways","Percentage","0.1",""
"2014","Denmark","Railways","Percentage","11.2",""
"2014","Denmark","Roads","Percentage","88.8",""
"2014","Denmark","Inland waterways","Percentage",":","z"
"2014","Germany (until 1990 former territory of the FRG)","Railways","Percentage","18.8",""
"2014","Germany (until 1990 former territory of the FRG)","Roads","Percentage","71.3",""
"2014","Germany (until 1990 former territory of the FRG)","Inland waterways","Percentage","9.9",""
"2014","Estonia","Railways","Percentage","55.2",""
"2014","Estonia","Roads","Percentage","44.8",""
"2014","Estonia","Inland waterways","Percentage",":","z"
"2014","Ireland","Railways","Percentage","1.1",""
"2014","Ireland","Roads","Percentage","98.9",""
"2014","Ireland","Inland waterways","Percentage",":","z"
"2014","Greece","Railways","Percentage","1.7",""
"2014","Greece","Roads","Percentage","98.3",""
"2014","Greece","Inland waterways","Percentage",":","z"
"2014","Spain","Railways","Percentage","5.9",""
"2014","Spain","Roads","Percentage","94.1",""
"2014","Spain","Inland waterways","Percentage",":","z"
"2014","France","Railways","Percentage","10.8",""
"2014","France","Roads","Percentage","86.3",""
"2014","France","Inland waterways","Percentage","2.9",""
"2014","Croatia","Railways","Percentage","20.4",""
"2014","Croatia","Roads","Percentage","72.7",""
"2014","Croatia","Inland waterways","Percentage","6.9",""
"2014","Italy","Railways","Percentage","13.2",""
"2014","Italy","Roads","Percentage","86.8",""
"2014","Italy","Inland waterways","Percentage","0",""
"2014","Latvia","Railways","Percentage","81.2",""
"2014","Latvia","Roads","Percentage","18.8",""
"2014","Latvia","Inland waterways","Percentage",":","z"
"2014","Lithuania","Railways","Percentage","68.1",""
"2014","Lithuania","Roads","Percentage","31.9",""
"2014","Lithuania","Inland waterways","Percentage","0",""
"2014","Luxembourg","Railways","Percentage","6.1",""
"2014","Luxembourg","Roads","Percentage","85.5",""
"2014","Luxembourg","Inland waterways","Percentage","8.4",""
"2014","Hungary","Railways","Percentage","31.1",""
"2014","Hungary","Roads","Percentage","63.4",""
"2014","Hungary","Inland waterways","Percentage","5.5",""
"2014","Netherlands","Railways","Percentage","5.8",""
"2014","Netherlands","Roads","Percentage","48.2",""
"2014","Netherlands","Inland waterways","Percentage","46.1",""
"2014","Austria","Railways","Percentage","32.9",""
"2014","Austria","Roads","Percentage","63.6",""
"2014","Austria","Inland waterways","Percentage","3.5",""
"2014","Poland","Railways","Percentage","26.5",""
"2014","Poland","Roads","Percentage","73.4",""
"2014","Poland","Inland waterways","Percentage","0.1",""
"2014","Portugal","Railways","Percentage","12.8",""
"2014","Portugal","Roads","Percentage","87.2",""
"2014","Portugal","Inland waterways","Percentage",":","z"
"2014","Romania","Railways","Percentage","30.2",""
"2014","Romania","Roads","Percentage","40.8",""
"2014","Romania","Inland waterways","Percentage","29",""
"2014","Slovenia","Railways","Percentage","36",""
"2014","Slovenia","Roads","Percentage","64",""
"2014","Slovenia","Inland waterways","Percentage",":","z"
"2014","Slovakia","Railways","Percentage","38.9",""
"2014","Slovakia","Roads","Percentage","57.1",""
"2014","Slovakia","Inland waterways","Percentage","4",""
"2014","Finland","Railways","Percentage","30.7",""
"2014","Finland","Roads","Percentage","68.8",""
"2014","Finland","Inland waterways","Percentage","0.4",""
"2014","Sweden","Railways","Percentage","30.4",""
"2014","Sweden","Roads","Percentage","69.6",""
"2014","Sweden","Inland waterways","Percentage",":","z"
"2014","United Kingdom","Railways","Percentage","12.9",""
"2014","United Kingdom","Roads","Percentage","87",""
"2014","United Kingdom","Inland waterways","Percentage","0.1",""
"2014","Norway","Railways","Percentage","13.7",""
"2014","Norway","Roads","Percentage","86.3",""
"2014","Norway","Inland waterways","Percentage",":","z"
"2014","Switzerland","Railways","Percentage","36.2",""
"2014","Switzerland","Roads","Percentage","63.8",""
"2014","Switzerland","Inland waterways","Percentage",":","z"
"2015","European Union (current composition)","Railways","Percentage","18.3","e"
"2015","European Union (current composition)","Roads","Percentage","75.3","e"
"2015","European Union (current composition)","Inland waterways","Percentage","6.5","e"
"2015","Belgium","Railways","Percentage","11.8","e"
"2015","Belgium","Roads","Percentage","72.2","e"
"2015","Belgium","Inland waterways","Percentage","16","e"
"2015","Bulgaria","Railways","Percentage","17.9",""
"2015","Bulgaria","Roads","Percentage","54.7",""
"2015","Bulgaria","Inland waterways","Percentage","27.4",""
"2015","Czechia","Railways","Percentage","26.4",""
"2015","Czechia","Roads","Percentage","73.5",""
"2015","Czechia","Inland waterways","Percentage","0.1",""
"2015","Denmark","Railways","Percentage","12.2",""
"2015","Denmark","Roads","Percentage","87.8",""
"2015","Denmark","Inland waterways","Percentage",":","z"
"2015","Germany (until 1990 former territory of the FRG)","Railways","Percentage","19.5",""
"2015","Germany (until 1990 former territory of the FRG)","Roads","Percentage","71.3",""
"2015","Germany (until 1990 former territory of the FRG)","Inland waterways","Percentage","9.2",""
"2015","Estonia","Railways","Percentage","52.4",""
"2015","Estonia","Roads","Percentage","47.6",""
"2015","Estonia","Inland waterways","Percentage",":","z"
"2015","Ireland","Railways","Percentage","1",""
"2015","Ireland","Roads","Percentage","99",""
"2015","Ireland","Inland waterways","Percentage",":","z"
"2015","Greece","Railways","Percentage","1.6",""
"2015","Greece","Roads","Percentage","98.4",""
"2015","Greece","Inland waterways","Percentage",":","z"
"2015","Spain","Railways","Percentage","5.8",""
"2015","Spain","Roads","Percentage","94.2",""
"2015","Spain","Inland waterways","Percentage",":","z"
"2015","France","Railways","Percentage","11.7",""
"2015","France","Roads","Percentage","85.4",""
"2015","France","Inland waterways","Percentage","2.9",""
"2015","Croatia","Railways","Percentage","19.4",""
"2015","Croatia","Roads","Percentage","72.8",""
"2015","Croatia","Inland waterways","Percentage","7.8",""
"2015","Italy","Railways","Percentage","13.5",""
"2015","Italy","Roads","Percentage","86.5",""
"2015","Italy","Inland waterways","Percentage","0",""
"2015","Latvia","Railways","Percentage","79.8",""
"2015","Latvia","Roads","Percentage","20.2",""
"2015","Latvia","Inland waterways","Percentage",":","z"
"2015","Lithuania","Railways","Percentage","65.9",""
"2015","Lithuania","Roads","Percentage","34.1",""
"2015","Lithuania","Inland waterways","Percentage","0",""
"2015","Luxembourg","Railways","Percentage","6.9",""
"2015","Luxembourg","Roads","Percentage","85.4",""
"2015","Luxembourg","Inland waterways","Percentage","7.8",""
"2015","Hungary","Railways","Percentage","29.5",""
"2015","Hungary","Roads","Percentage","65.1",""
"2015","Hungary","Inland waterways","Percentage","5.4",""
"2015","Netherlands","Railways","Percentage","6.2",""
"2015","Netherlands","Roads","Percentage","48",""
"2015","Netherlands","Inland waterways","Percentage","45.8",""
"2015","Austria","Railways","Percentage","32.2",""
"2015","Austria","Roads","Percentage","65",""
"2015","Austria","Inland waterways","Percentage","2.9",""
"2015","Poland","Railways","Percentage","25.6",""
"2015","Poland","Roads","Percentage","74.4",""
"2015","Poland","Inland waterways","Percentage","0",""
"2015","Portugal","Railways","Percentage","14.1",""
"2015","Portugal","Roads","Percentage","85.9",""
"2015","Portugal","Inland waterways","Percentage",":","z"
"2015","Romania","Railways","Percentage","31.6",""
"2015","Romania","Roads","Percentage","38",""
"2015","Romania","Inland waterways","Percentage","30.4",""
"2015","Slovenia","Railways","Percentage","35",""
"2015","Slovenia","Roads","Percentage","65",""
"2015","Slovenia","Inland waterways","Percentage",":","z"
"2015","Slovakia","Railways","Percentage","36.6",""
"2015","Slovakia","Roads","Percentage","60.1",""
"2015","Slovakia","Inland waterways","Percentage","3.2",""
"2015","Finland","Railways","Percentage","27",""
"2015","Finland","Roads","Percentage","72.6",""
"2015","Finland","Inland waterways","Percentage","0.4",""
"2015","Sweden","Railways","Percentage","29.6",""
"2015","Sweden","Roads","Percentage","70.4",""
"2015","Sweden","Inland waterways","Percentage",":","z"
"2015","United Kingdom","Railways","Percentage","10.4",""
"2015","United Kingdom","Roads","Percentage","89.5",""
"2015","United Kingdom","Inland waterways","Percentage","0.1",""
"2015","Norway","Railways","Percentage","12.9",""
"2015","Norway","Roads","Percentage","87.1",""
"2015","Norway","Inland waterways","Percentage",":","z"
"2015","Switzerland","Railways","Percentage","38",""
"2015","Switzerland","Roads","Percentage","62",""
"2015","Switzerland","Inland waterways","Percentage",":","z"
"2016","European Union (current composition)","Railways","Percentage","17.4","e"
"2016","European Union (current composition)","Roads","Percentage","76.4","e"
"2016","European Union (current composition)","Inland waterways","Percentage","6.2","e"
"2016","Belgium","Railways","Percentage","11.6","e"
"2016","Belgium","Roads","Percentage","73.1","e"
"2016","Belgium","Inland waterways","Percentage","15.3","e"
"2016","Bulgaria","Railways","Percentage","17.1",""
"2016","Bulgaria","Roads","Percentage","55.7",""
"2016","Bulgaria","Inland waterways","Percentage","27.2",""
"2016","Czechia","Railways","Percentage","26.4",""
"2016","Czechia","Roads","Percentage","73.5",""
"2016","Czechia","Inland waterways","Percentage","0.1",""
"2016","Denmark","Railways","Percentage","11.1",""
"2016","Denmark","Roads","Percentage","88.9",""
"2016","Denmark","Inland waterways","Percentage",":","z"
"2016","Germany (until 1990 former territory of the FRG)","Railways","Percentage","18.8",""
"2016","Germany (until 1990 former territory of the FRG)","Roads","Percentage","72.4",""
"2016","Germany (until 1990 former territory of the FRG)","Inland waterways","Percentage","8.8",""
"2016","Estonia","Railways","Percentage","42.9",""
"2016","Estonia","Roads","Percentage","57.1",""
"2016","Estonia","Inland waterways","Percentage",":","z"
"2016","Ireland","Railways","Percentage","0.9",""
"2016","Ireland","Roads","Percentage","99.1",""
"2016","Ireland","Inland waterways","Percentage",":","z"
"2016","Greece","Railways","Percentage","1.3",""
"2016","Greece","Roads","Percentage","98.7",""
"2016","Greece","Inland waterways","Percentage",":","z"
"2016","Spain","Railways","Percentage","5.3",""
"2016","Spain","Roads","Percentage","94.7",""
"2016","Spain","Inland waterways","Percentage",":","z"
"2016","France","Railways","Percentage","10.9",""
"2016","France","Roads","Percentage","86.3",""
"2016","France","Inland waterways","Percentage","2.8",""
"2016","Croatia","Railways","Percentage","17.3","e"
"2016","Croatia","Roads","Percentage","75.5","e"
"2016","Croatia","Inland waterways","Percentage","7.2","e"
"2016","Italy","Railways","Percentage","14.5",""
"2016","Italy","Roads","Percentage","85.5",""
"2016","Italy","Inland waterways","Percentage","0",""
"2016","Latvia","Railways","Percentage","76.6",""
"2016","Latvia","Roads","Percentage","23.4",""
"2016","Latvia","Inland waterways","Percentage",":","z"
"2016","Lithuania","Railways","Percentage","65",""
"2016","Lithuania","Roads","Percentage","35",""
"2016","Lithuania","Inland waterways","Percentage","0",""
"2016","Luxembourg","Railways","Percentage","6.2",""
"2016","Luxembourg","Roads","Percentage","87.9",""
"2016","Luxembourg","Inland waterways","Percentage","5.9",""
"2016","Hungary","Railways","Percentage","28.5",""
"2016","Hungary","Roads","Percentage","66.2",""
"2016","Hungary","Inland waterways","Percentage","5.3",""
"2016","Netherlands","Railways","Percentage","6",""
"2016","Netherlands","Roads","Percentage","49.4",""
"2016","Netherlands","Inland waterways","Percentage","44.6",""
"2016","Austria","Railways","Percentage","31.5",""
"2016","Austria","Roads","Percentage","65.5",""
"2016","Austria","Inland waterways","Percentage","3",""
"2016","Poland","Railways","Percentage","24.7",""
"2016","Poland","Roads","Percentage","75.2",""
"2016","Poland","Inland waterways","Percentage","0.1",""
"2016","Portugal","Railways","Percentage","14.5",""
"2016","Portugal","Roads","Percentage","85.5",""
"2016","Portugal","Inland waterways","Percentage",":","z"
"2016","Romania","Railways","Percentage","30.3",""
"2016","Romania","Roads","Percentage","40.3",""
"2016","Romania","Inland waterways","Percentage","29.4",""
"2016","Slovenia","Railways","Percentage","33.3",""
"2016","Slovenia","Roads","Percentage","66.7",""
"2016","Slovenia","Inland waterways","Percentage",":","z"
"2016","Slovakia","Railways","Percentage","34.5",""
"2016","Slovakia","Roads","Percentage","61.7",""
"2016","Slovakia","Inland waterways","Percentage","3.7",""
"2016","Finland","Railways","Percentage","26.8",""
"2016","Finland","Roads","Percentage","72.9",""
"2016","Finland","Inland waterways","Percentage","0.3",""
"2016","Sweden","Railways","Percentage","29.4",""
"2016","Sweden","Roads","Percentage","70.5",""
"2016","Sweden","Inland waterways","Percentage","0",""
"2016","United Kingdom","Railways","Percentage","8.4",""
"2016","United Kingdom","Roads","Percentage","91.5",""
"2016","United Kingdom","Inland waterways","Percentage","0.1",""
"2016","Norway","Railways","Percentage","13",""
"2016","Norway","Roads","Percentage","87",""
"2016","Norway","Inland waterways","Percentage",":","z"
"2016","Switzerland","Railways","Percentage","37.5",""
"2016","Switzerland","Roads","Percentage","62.5",""
"2016","Switzerland","Inland waterways","Percentage",":","z"
